year_month,total_revenue,transaction_count,average_order_value
2022-01,52911.5,368,143.78
2022-02,43325.5,313,138.42
2022-03,40996.0,339,120.93
2022-04,40442.0,334,121.08
2022-05,40347.5,315,128.09
2022-06,42576.0,321,132.64
2022-07,44471.5,349,127.43
2022-08,41333.5,331,124.87
2022-09,46113.5,337,136.84
2022-10,38355.0,303,126.58
2022-11,41256.5,328,125.78
2022-12,38201.0,287,133.1
2023-01,48052.5,362,132.74
2023-02,39214.5,299,131.15
2023-03,38534.5,290,132.88
2023-04,38905.5,308,126.32
2023-05,40480.5,318,127.3
2023-06,42474.0,336,126.41
2023-07,45632.5,356,128.18
2023-08,38592.0,307,125.71
2023-09,41069.0,319,128.74
2023-10,38322.0,293,130.79
2023-11,37014.0,290,127.63
2023-12,43021.0,330,130.37
2024-01,47908.5,363,131.98
2024-02,37145.0,304,122.19
2024-03,42861.5,336,127.56
2024-04,46271.0,311,148.78
2024-05,43766.5,345,126.86
2024-06,44721.0,334,133.9
2024-07,41405.0,334,123.97
2024-08,43362.0,354,122.49
2024-09,42161.5,328,128.54
2024-10,42736.5,338,126.44
2024-11,44076.0,332,132.76
2024-12,48466.5,357,135.76
2025-01,25548.5,202,126.48
